income_group,n,mean_co2_per_capita,mean_air_deaths_per_100k
High income,8,10.06075,8.75
Upper middle income,7,4.503857142857143,53.142857142857146
Lower middle income,8,1.030875,125.25
Low income,8,0.21587499999999998,221.75
