income_group,n,mean_co2_per_capita,mean_air_deaths_per_100k
High income,8,10.06075,8.75
Upper middle income,8,4.21825,55.875
Lower middle income,9,1.2184444444444444,120.11111111111111
Low income,8,0.21587499999999998,221.75
